gantry_id,motorway_code,motorway_name,location,ramp,direction,latitude,longitude,source_sheet,quality_flags
M4:m4_mainline:exit:westbound,M4,WestConnex M4 West,M4 Mainline,exit,westbound,-33.82729,151.00338,M4W,
M4:m4_mainline:entry:eastbound,M4,WestConnex M4 West,M4 Mainline,entry,eastbound,-33.82712,151.00334,M4W,
M4:james_ruse_drive:entry:westbound,M4,WestConnex M4 West,James Ruse Drive,entry,westbound,-33.82879,151.02027,M4W,
M4:james_ruse_drive:exit:eastbound,M4,WestConnex M4 West,James Ruse Drive,exit,eastbound,-33.82875,151.02021,M4W,
M4:james_ruse_drive:entry:eastbound,M4,WestConnex M4 West,James Ruse Drive,entry,eastbound,-33.83102,151.02095,M4W,
M4:james_ruse_drive:exit:westbound,M4,WestConnex M4 West,James Ruse Drive,exit,westbound,-33.83177,151.02045,M4W,
M4:silverwater_road:exit:eastbound,M4,WestConnex M4 West,Silverwater Road,exit,eastbound,-33.84162,151.04231,M4W,
M4:silverwater_road:entry:westbound,M4,WestConnex M4 West,Silverwater Road,entry,westbound,-33.84198,151.04181,M4W,
M4:silverwater_road:entry:eastbound,M4,WestConnex M4 West,Silverwater Road,entry,eastbound,-33.84286,151.04498,M4W,
M4:silverwater_road:exit:westbound,M4,WestConnex M4 West,Silverwater Road,exit,westbound,-33.84387,151.04536,M4W,
M4:hill_road:exit:eastbound,M4,WestConnex M4 West,Hill Road,exit,eastbound,-33.84897,151.05312,M4W,
M4:hill_road:entry:eastbound,M4,WestConnex M4 West,Hill Road,entry,eastbound,-33.8513,151.05644,M4W,
M4:hill_road:entry:westbound,M4,WestConnex M4 West,Hill Road,entry,westbound,-33.85116,151.05469,M4W,
M4:homebush_bay_drive:exit:eastbound,M4,WestConnex M4 West,Homebush Bay Drive,exit,eastbound,-33.85628,151.0689,M4W,
M4:homebush_bay_drive_n_b:entry:westbound,M4,WestConnex M4 West,Homebush Bay Drive (N/B),entry,westbound,-33.8569,151.06794,M4W,
M4:m4_mainline_1:entry:westbound,M4,WestConnex M4 West,M4 Mainline (1),entry,westbound,-33.85661,151.06801,M4W,
M4:homebush_bay_drive_s_b_2:entry:westbound,M4,WestConnex M4 West,Homebush Bay Drive (S/B) (2),entry,westbound,-33.85674,151.06798,M4W,
M4:m4_mainline_3:exit:eastbound,M4,WestConnex M4 West,M4 Mainline (3),exit,eastbound,-33.85646,151.06805,M4W,
M4:homebush_bay_dr:entry:eastbound,M4,WestConnex M4 East,Homebush Bay Dr,entry,eastbound,-33.85706,151.07322,M4E,
M4:homebush_bay_dr:exit:westbound,M4,WestConnex M4 East,Homebush Bay Dr,exit,westbound,-33.85803,151.07244,M4E,
M4:concord_strath:entry:westbound,M4,WestConnex M4 East,Concord/Strath,entry,westbound,-33.86328,151.08482,M4E,
M4:concord_strath:exit:eastbound,M4,WestConnex M4 East,Concord/Strath,exit,eastbound,-33.86321,151.08487,M4E,
M4:concord_strath:exit:westbound,M4,WestConnex M4 East,Concord/Strath,exit,westbound,-33.86429,151.09354,M4E,
M4:concord_strath:entry:eastbound,M4,WestConnex M4 East,Concord/Strath,entry,eastbound,-33.86415,151.09354,M4E,
M4:haberfield:entry:westbound,M4,WestConnex M4 East,Haberfield,entry,westbound,-33.87548,151.13458,M4E,
M4:haberfield:exit:eastbound,M4,WestConnex M4 East,Haberfield,exit,eastbound,-33.8752,151.13431,M4E,
M4:ashfield:entry:westbound,M4,WestConnex M4 East,Ashfield,entry,westbound,-33.88083,151.13174,M4E,
M4:ashfield:exit:eastbound,M4,WestConnex M4 East,Ashfield,exit,eastbound,-33.88071,151.13201,M4E,
M8:st_peters:exit:eastbound,M8,WestConnex M8 / M5 East,St Peters,exit,eastbound,-33.91577,151.17522,M8M5E,
M8:st_peters:entry:westbound,M8,WestConnex M8 / M5 East,St Peters,entry,westbound,-33.91602,151.17541,M8M5E,
M8:general_holmes:exit:eastbound,M8,WestConnex M8 / M5 East,General Holmes,exit,eastbound,-33.93844,151.15391,M8M5E,
M8:marsh_st:exit:eastbound,M8,WestConnex M8 / M5 East,Marsh St,exit,eastbound,-33.93715,151.15244,M8M5E,
M8:general_holmes:entry:westbound,M8,WestConnex M8 / M5 East,General Holmes,entry,westbound,-33.93848,151.15384,M8M5E,
M8:marsh_st:entry:westbound,M8,WestConnex M8 / M5 East,Marsh St,entry,westbound,-33.93741,151.15221,M8M5E,
M8:princes_hwy:exit:eastbound,M8,WestConnex M8 / M5 East,Princes Hwy,exit,eastbound,-33.93612,151.14935,M8M5E,
M8:bexley_rd:exit:eastbound,M8,WestConnex M8 / M5 East,Bexley Rd,exit,eastbound,-33.93622,151.10928,M8M5E,
M8:bexley_rd:entry:westbound,M8,WestConnex M8 / M5 East,Bexley Rd,entry,westbound,-33.93647,151.10938,M8M5E,
M8:kingsgrove_rd:entry:eastbound,M8,WestConnex M8 / M5 East,Kingsgrove Rd,entry,eastbound,-33.93737,151.10292,M8M5E,
M8:kingsgrove_rd:exit:westbound,M8,WestConnex M8 / M5 East,Kingsgrove Rd,exit,westbound,-33.93753,151.10301,M8M5E,
M8:kgr_m5w_ml:entry:eastbound,M8,WestConnex M8 / M5 East,KGR (M5W ML),entry,eastbound,-33.94285,151.07818,M8M5E,
M8:king_georges_rd:entry:eastbound,M8,WestConnex M8 / M5 East,King Georges Rd,entry,eastbound,-33.94268,151.07795,M8M5E,
M8:kgr_m5w_ml:exit:westbound,M8,WestConnex M8 / M5 East,KGR (M5W ML),exit,westbound,-33.94293,151.07821,M8M5E,
M8:king_georges_rd:exit:westbound,M8,WestConnex M8 / M5 East,King Georges Rd,exit,westbound,-33.94314,151.07838,M8M5E,
M4M5_LINK:haberfield:entry:southbound,M4M5_LINK,M4-M5 Link / Rozelle Interchange,Haberfield,entry,southbound,-33.87516,151.13462,Link,
M4M5_LINK:haberfield:exit:northbound,M4M5_LINK,M4-M5 Link / Rozelle Interchange,Haberfield,exit,northbound,-33.87524,151.13471,Link,
M4M5_LINK:anzac_bridge:exit:southbound,M4M5_LINK,M4-M5 Link / Rozelle Interchange,Anzac Bridge,exit,southbound,-33.87716,151.16509,Link,
M4M5_LINK:anzac_bridge:entry:northbound,M4M5_LINK,M4-M5 Link / Rozelle Interchange,Anzac Bridge,entry,northbound,-33.87919,151.16282,Link,
M4M5_LINK:iron_cove_bridge:exit:northbound,M4M5_LINK,M4-M5 Link / Rozelle Interchange,Iron Cove Bridge,exit,northbound,-33.87979,151.16352,Link,
M4M5_LINK:iron_cove_bridge:entry:southbound,M4M5_LINK,M4-M5 Link / Rozelle Interchange,Iron Cove Bridge,entry,southbound,-33.87633,151.16441,Link,
M4M5_LINK:city_west_link:exit:northbound,M4M5_LINK,M4-M5 Link / Rozelle Interchange,City West Link,exit,northbound,-33.87979,151.16352,Link,
M4M5_LINK:city_west_link:entry:southbound,M4M5_LINK,M4-M5 Link / Rozelle Interchange,City West Link,entry,southbound,-33.87633,151.16441,Link,
M4M5_LINK:st_peters:exit:southbound,M4M5_LINK,M4-M5 Link / Rozelle Interchange,St Peters,exit,southbound,-33.91316,151.18055,Link,
M4M5_LINK:st_peters:entry:northbound,M4M5_LINK,M4-M5 Link / Rozelle Interchange,St Peters,entry,northbound,-33.91306,151.18028,Link,
M2:m2_north_ryde_east,M2,Hills M2 Motorway,M2 North Ryde East,,,-33.7671247,151.1138029,M2,
M2:m2_north_ryde_west,M2,Hills M2 Motorway,M2 North Ryde West,,,-33.7673126,151.1138226,M2,
M2:m2_pennant_hills_rd_east,M2,Hills M2 Motorway,M2 Pennant Hills Rd East,,,-33.758765,151.046008,M2,
M2:m2_pennant_hills_rd_west,M2,Hills M2 Motorway,M2 Pennant Hills Rd West,,,-33.759065,151.047657,M2,
M2:m2_eastbound_to_northconnex,M2,Hills M2 Motorway,M2 Eastbound to NorthConnex,,,-33.758623,151.045986,M2,
M2:m2_westbound_from_northconnex,M2,Hills M2 Motorway,M2 Westbound from NorthConnex,,,-33.759618,151.043995,M2,
M2:m2_christie_rd_east,M2,Hills M2 Motorway,M2 Christie Rd East,,,-33.7729197,151.1208354,M2,
M2:m2_herring_rd_west,M2,Hills M2 Motorway,M2 Herring Rd West,,,-33.7746288,151.1231693,M2,
M2:m2_windsor_rd_east,M2,Hills M2 Motorway,M2 Windsor Rd East,,,-33.7681243,150.9959413,M2,
M2:m2_windsor_rd_west,M2,Hills M2 Motorway,M2 Windsor Rd West,,,-33.7683055,150.9972723,M2,
M2:m2_lane_cove_rd_east,M2,Hills M2 Motorway,M2 Lane Cove Rd East,,,-33.7818489,151.1335276,M2,
M5SW:m5_sw_belmore_road_eastbound,M5SW,M5 South-West Motorway,M5 SW Belmore Road Eastbound,,,-33.942507,151.055042,M5SW,
M5SW:m5_sw_belmore_road_westbound,M5SW,M5 South-West Motorway,M5 SW Belmore Road Westbound,,,-33.943147,151.055085,M5SW,
M5SW:m5_sw_fairford_road_eastbound,M5SW,M5 South-West Motorway,M5 SW Fairford Road Eastbound,,,-33.940409,151.037816,M5SW,
M5SW:m5_sw_fairford_road_westbound,M5SW,M5 South-West Motorway,M5 SW Fairford Road Westbound,,,-33.94093,151.038151,M5SW,
M5SW:m5_sw_henry_lawson_dr_eastbound,M5SW,M5 South-West Motorway,M5 SW Henry Lawson Dr Eastbound,,,-33.943981,150.984783,M5SW,
M5SW:m5_sw_henry_lawson_dr_westbound,M5SW,M5 South-West Motorway,M5 SW Henry Lawson Dr Westbound,,,-33.944366,150.985207,M5SW,
M5SW:m5_sw_hammondville_eastbound,M5SW,M5 South-West Motorway,M5 SW Hammondville Eastbound,,,-33.947411,150.965999,M5SW,
M5SW:m5_sw_hammondville_westbound,M5SW,M5 South-West Motorway,M5 SW Hammondville Westbound,,,-33.947486,150.965998,M5SW,
M5SW:m5_sw_river_road_eastbound,M5SW,M5 South-West Motorway,M5 SW River Road Eastbound,,,-33.940794,151.020615,M5SW,
M5SW:m5_sw_river_road_westbound,M5SW,M5 South-West Motorway,M5 SW River Road Westbound,,,-33.941266,151.020124,M5SW,
ED:m1_woolloomooloo,ED,M1 Eastern Distributor,M1 Woolloomooloo,,,-33.869775,151.218413,ED,
ED:m1_william_street,ED,M1 Eastern Distributor,M1 William Street,,,-33.87583,151.217257,ED,
CCT:cct_mainline_east,CCT,Cross City Tunnel,CCT Mainline East,,,-33.874336,151.207387,CCT,
CCT:cct_mainline_west,CCT,Cross City Tunnel,CCT Mainline West,,,-33.873354,151.20955,CCT,
CCT:cct_sir_john_young_crescent,CCT,Cross City Tunnel,CCT Sir John Young Crescent,,,-33.871353,151.216508,CCT,
LCT:lane_cove_tunnel_falcon_st_north,LCT,Lane Cove Tunnel,Lane Cove Tunnel Falcon St North,,,-33.8284256,151.2138254,LCT,
LCT:lane_cove_tunnel_falcon_st_north#2,LCT,Lane Cove Tunnel,Lane Cove Tunnel Falcon St North,,,-33.8284256,151.2138254,LCT,
LCT:lane_cove_tunnel_falcon_st_south,LCT,Lane Cove Tunnel,Lane Cove Tunnel Falcon St South,,,-33.8285794,151.2145595,LCT,
LCT:lane_cove_tunnel_east,LCT,Lane Cove Tunnel,Lane Cove Tunnel East,,,-33.801922,151.145577,LCT,
LCT:lane_cove_tunnel_west,LCT,Lane Cove Tunnel,Lane Cove Tunnel West,,,-33.801922,151.145577,LCT,
LCT:lane_cove_tunnel_west#2,LCT,Lane Cove Tunnel,Lane Cove Tunnel West,,,-33.802044,151.145486,LCT,
NORTHCONNEX:nxtp1_tp1a_m2_to_ncx,NORTHCONNEX,NorthConnex,NXTP1 (TP1A) – M2 to NCX,,,-33.758044,151.048115,NCX,
NORTHCONNEX:nxtp2_tp2a_ncx_to_m2,NORTHCONNEX,NorthConnex,NXTP2 (TP2A) – NCX to M2,,,-33.759454,151.04636,NCX,
NORTHCONNEX:nxtp3_tp2b_ncx_to_phr,NORTHCONNEX,NorthConnex,NXTP3 (TP2B) – NCX to PHR,,,-33.756122,151.04844,NCX,
NORTHCONNEX:nxtp4_tp1b_phr_to_ncx,NORTHCONNEX,NorthConnex,NXTP4 (TP1B) – PHR to NCX,,,-33.756056,151.047986,NCX,
SHB_SHT:shmils_bridge_milsons_point,SHB_SHT,Sydney Harbour Bridge / Tunnel,SHMILS - Bridge (Milsons Point),,,-33.8454,151.212,SHB-SHT,
SHB_SHT:shrks_bridge_the_rocks,SHB_SHT,Sydney Harbour Bridge / Tunnel,SHRKS - Bridge (The Rocks),,,-33.861,151.206,SHB-SHT,
SHB_SHT:shtun_tunnel_nth_sydney,SHB_SHT,Sydney Harbour Bridge / Tunnel,SHTUN - Tunnel Nth (Sydney),,,-33.8415687,151.2108075,SHB-SHT,
M7:m7_cowpasture_rd_entry,M7,Westlink M7,M7 - Cowpasture Rd entry,,,-33.9210497,150.854615,M7,
M7:m7_cowpasture_rd_entry#2,M7,Westlink M7,M7 - Cowpasture Rd entry,,,-33.91654,150.8510063,M7,
M7:m7_cowpasture_rd_exit,M7,Westlink M7,M7 - Cowpasture Rd exit,,,-33.9158992,150.8512315,M7,
M7:m7_cowpasture_rd_exit#2,M7,Westlink M7,M7 - Cowpasture Rd exit,,,-33.9208569,150.8537275,M7,
M7:m7_elizabeth_dve_entry,M7,Westlink M7,M7 - Elizabeth Dve entry,,,-33.8789024,150.8422768,M7,
M7:m7_elizabeth_dve_entry#2,M7,Westlink M7,M7 - Elizabeth Dve entry,,,-33.8704338,150.8459831,M7,
M7:m7_elizabeth_dve_exit,M7,Westlink M7,M7 - Elizabeth Dve exit,,,-33.8736622,150.8455416,M7,
M7:m7_elizabeth_dve_exit#2,M7,Westlink M7,M7 - Elizabeth Dve exit,,,-33.8788853,150.8415671,M7,
M7:m7_great_western_hwy_exit,M7,Westlink M7,M7 - Great Western Hwy exit,,,-33.7929001,150.8557112,M7,
M7:m7_horsley_dve_entry,M7,Westlink M7,M7 - Horsley Dve entry,,,-33.8448208,150.854904,M7,
M7:m7_horsley_dve_entry#2,M7,Westlink M7,M7 - Horsley Dve entry,,,-33.8382242,150.8558047,M7,
M7:m7_horsley_dve_exit,M7,Westlink M7,M7 - Horsley Dve exit,,,-33.8401019,150.8560206,M7,
M7:m7_horsley_dve_exit#2,M7,Westlink M7,M7 - Horsley Dve exit,,,-33.8450135,150.8542017,M7,
M7:m7_m4_interchange_exit,M7,Westlink M7,M7 - M4 Interchange exit,,,-33.8025731,150.8538078,M7,
M7:m7_old_wallgrove_rd_entry,M7,Westlink M7,M7 - Old Wallgrove Rd entry,,,-33.8155418,150.8522933,M7,
M7:m7_old_wallgrove_rd_entry#2,M7,Westlink M7,M7 - Old Wallgrove Rd entry,,,-33.8101787,150.8517921,M7,
M7:m7_old_wallgrove_rd_exit,M7,Westlink M7,M7 - Old Wallgrove Rd exit,,,-33.810672,150.8523467,M7,
M7:m7_old_wallgrove_rd_exit#2,M7,Westlink M7,M7 - Old Wallgrove Rd exit,,,-33.8139497,150.8516326,M7,
M7:m7_power_st_entry,M7,Westlink M7,M7 - Power St entry,,,-33.7505164,150.8456904,M7,
M7:m7_power_st_exit,M7,Westlink M7,M7 - Power St exit,,,-33.750125,150.845786,M7,
M7:m7_villers_road_entry,M7,Westlink M7,M7 - Villers Road Entry,,,-33.8704,150.846,M7,
M7:m7_woodstock_ave_entry,M7,Westlink M7,M7 - Woodstock Ave entry,,,-33.7619724,150.846991,M7,
M7:m7_woodstock_ave_exit,M7,Westlink M7,M7 - Woodstock Ave exit,,,-33.7628111,150.8466113,M7,
M7:m7_bernera_rd_exit,M7,Westlink M7,M7- Bernera Rd exit,,,-33.9317924,150.8683994,M7,
M7:m7_bernera_rd_exit#2,M7,Westlink M7,M7- Bernera Rd exit,,,-33.9326253,150.8679375,M7,
M7:m7_great_western_hwy_entry,M7,Westlink M7,M7- Great Western Hwy entry,,,-33.7914923,150.8555663,M7,
M7:m7_m2_interchange,M7,Westlink M7,M7- M2 Interchange,,,-33.7637654,150.9623328,M7,
M7:m7_m4_interchange_entry,M7,Westlink M7,M7- M4 Interchange entry,,,-33.7929778,150.855839,M7,
M7:m7_m4_interchange_entry#2,M7,Westlink M7,M7- M4 Interchange entry,,,-33.7916124,150.8553199,M7,
M7:m7_m4_interchange_exit#2,M7,Westlink M7,M7- M4 Interchange exit,,,-33.8027091,150.8528885,M7,
M7:m7_m5_interchange,M7,Westlink M7,M7- M5 Interchange,,,-33.9430477,150.8785015,M7,
M7:m7_norwest_blvd_entry,M7,Westlink M7,M7- Norwest Blvd entry,,,-33.7439968,150.9369529,M7,
M7:m7_norwest_blvd_exit,M7,Westlink M7,M7- Norwest Blvd exit,,,-33.744584,150.9371446,M7,
M7:m7_old_windsor_rd_enrty,M7,Westlink M7,M7- Old Windsor Rd enrty,,,-33.7640953,150.962441,M7,
M7:m7_old_windsor_rd_exit,M7,Westlink M7,M7- Old Windsor Rd exit,,,-33.7640953,150.962441,M7,
M7:m7_quakers_hill_pwy_entry,M7,Westlink M7,M7- Quakers Hill Pwy entry,,,-33.7336183,150.8777827,M7,
M7:m7_quakers_hill_pwy_exit,M7,Westlink M7,M7- Quakers Hill Pwy exit,,,-33.7340412,150.8771425,M7,
M7:m7_richmond_rd_entry,M7,Westlink M7,M7- Richmond Rd entry,,,-33.7312845,150.8519414,M7,
M7:m7_richmond_rd_entry#2,M7,Westlink M7,M7- Richmond Rd entry,,,-33.7300802,150.8529517,M7,
M7:m7_richmond_rd_exit,M7,Westlink M7,M7- Richmond Rd exit,,,-33.7359846,150.848483,M7,
M7:m7_richmond_rd_exit#2,M7,Westlink M7,M7- Richmond Rd exit,,,-33.7360532,150.8484047,M7,
M7:m7_sunnyholt_rd_entry,M7,Westlink M7,M7- Sunnyholt Rd entry,,,-33.7379634,150.9143461,M7,
M7:m7_sunnyholt_rd_entry#2,M7,Westlink M7,M7- Sunnyholt Rd entry,,,-33.7392432,150.922009,M7,
M7:m7_sunnyholt_rd_exit,M7,Westlink M7,M7- Sunnyholt Rd exit,,,-33.7398469,150.9220718,M7,
M7:m7_sunnyholt_rd_exit#2,M7,Westlink M7,M7- Sunnyholt Rd exit,,,-33.7374764,150.9144342,M7,
M12:m7_nb_to_m12,M12,M12 Motorway,M7 NB to M12,,,-33.8821627,150.8390932,M12,
M12:m12_to_m7_nb,M12,M12 Motorway,M12 to M7 NB,,,-33.8716783,150.8455152,M12,
M12:ms_nb_to_m12,M12,M12 Motorway,MS NB to M12,,,-33.8694039,150.8468628,M12,
M12:m12_to_m7_nb#2,M12,M12 Motorway,M12 to M7 NB,,,-33.8820951,150.8400434,M12,
